Polish,Pommeranian
Great Lechia,Great Lechia
,
,
,
,
,
,
,
,
,
,
,
,
,
,
,
,
,
,
,
,
,
,
,
,
,
,
,
,
,
,
,
,
,
,
,
,
,
,
,
,
,
,
,
,
,
,
,
,
,
,
,
,
,
,
,
,
,
,
,
,
,
,
,
,
,
,
,
,
,
,
,
,
,
,
,
,
,
,
,
,
,
,
,
,
,
,
,
,
,
,
,
,
,
,
,
,
,
,
,
,
,
,
,
,
,
,
,
,
,
,
,
,
,
,
,
,
,
,
,
,
,
,
,
,
,
,
,
,
,
,
,
,
,
,
,
,
,
,
,
,
,
,
,
,
,
,
,
,
,
,
,
,
,
,
,
,
,
,
,
,
,
,
,
,
,
,
,
,
,
,
,
,
,
,
,
,
,
,
,
,
,
,
,
,
,
,
,
,
,
,
,
,
,
,
,
,
,
,
,
,
,
,
,
,
,
,
,
,
,
,
,
,
,
,
,
,
,
,
,
,
,
,
,
,
,
,
,
,
,
,
,
,
,
,
,
,
,
,
,
,
,
,
,
,
,
,
,
,
,
,
,
,
,
,
,
,
,
,
,
,
,
,
,
,
,
,
,
,
,
,
,
,
,
,
,
,
,
,
,
,
,
,
,
,
,
,
,
,
,
,
,
,
,
,
,
,
,
,
,
,
,
,
,
,
,
,
,
,
,
,
,
,
,
,
,
,
,
,
,
,
,
,
,
,
,
,
,
,
,
,
,
,
,
,
,
,
,
,
,
,
,
,
,
,
,
,
,
,
,
,
,
,
,
,
,
,
,
,
,
,
,
,
,
,
,
,
,
,
,
,
,
,
,
,
,
,
,
,
,
,
,
,
,
,
,
,
,
,
,
,
,
,
,
,
,
,
,
,
,
,
,
,
,
,
,
,
,
,
,
,
,
,
,
,
,
,
,
,
,
,
,
,
,
,
,
,
,
,
,
,
,
,
,
,
,
,
,
,
,
,
,
,
,
,
,
,
,
,
,
,
,
,
,
,
,
,
,
,
,
,
,
,
,
,
,
,
,
,
,
,
,
,
,
,
,
,
,
,
,
,
,
,
,
,
,
Sorbia,Sorbia
,
Brema,Brema
Dziewin,Dziewin
Belavia,Belavia
,
Biała Góra/Białogród,Biôłogard
Biała Góra/Białogród,Biôłogard
Bielsk,Biélsk
Bielsk/Brena,Brena
Iłowo/Iłów,Iłowò
Torgów,Tòrgowò
Harcerz,Harcerz
Dubno,Dubno
Cisów,Cisowò
Cisów,Cisowò
Czerwiszcze,Czerwiszcze
Półmiast,Półmiôst
Półmiast,Półmiôst
Orzełów,Orzełowò
Chłopy,Chłopy
Chłopy,Chłopy
Śpiewno,Spiewno
Międzybórz,Midzëbórz
Międzybórz,Midzëbórz
Lipsk/Lipsko,Lipsko
Dobrogóra,Dobrogórë
,
Choja,Choja
,
,
Choja,Choja
Brzeg,Brzeg
Brzeg,Brzeg
,
,
,
Lipno,Lipno
Lipno,Lipno
,
Brema,Brema
Brema,Brema
,
,
Widokowo,Widokowo
Widokowo,Widokowo
,
Leśno,Leśno
Leśno,Leśno
,
Starogród,Starogarda
Starogród,Starogarda
,
,
,
,
,
,
,
,
,
,
,
,
,
,
,
,
,
,
,
,
,
,
,
,
,
,
,
,
,
,
Łabno,Łabno
Raciąż,Raciąż
Raciąż,Raciąż
Łabno,Łabno
Wajdars,Wajdars
Wajdars,Wajdars
Łuchów,Łuchowò
Zwierzyn,Zwierzyn
Zwierzyn,Zwierzyn
Wyszomierz,Wyszomierz
Drevania,Drevania
Lewowo,Lewòwò
,
Lewowo,Lewòwò
Olcha,Olcha
Walogród/Wasra,Wasra
Celów/Olsza,Olsza
Darowo/Kawalerów,Kawalerowò
Białowo,Biôłòwò
Białowo,Biôłòwò
Wznieściowo,Znésciòwò
Polana,Polana
Gotyń/Kutno,Kutno
Gostrumień,Gostrumień
Gotyń/Kutno,Kutno
Ładzyn,Ładzën
Ładzyn,Ładzën
Splot,Splôtë
Dobiegniew,Dobiegniew
Knurowo,Knuròwò
Knurowo,Knuròwò
Chwytno,Chwëtno
Wysokowo,Wysokòwò
Zatop,Zatop
Brązowo,Brązowo
Brązowo,Brązowo
Gąszczowo/Okrowo,Okròwò
Miśnia,Misniô
Miśnia,Misniô
Miśnia,Misniô
Radobyle,Radbële
Osiek Wielki,Osék Wiôlgô
Drzezno,Drzezno
Drzezno,Drzezno
Biskopicy,Biskopicy
Wolnogród,Wòlnogard
Wołksztyn,Wołksztën
Wołksztyn,Wołksztën
Wałbrzych,Wałbrzëch
Soławsk,Soławsk
Kołodziec,Kołodziec
Wurcin,Wurcëno
Leśnik,Leśnik
Namgard,Namgard
Namgard,Namgard
Starogród,Stôrgard
Wojcka,Wòcka
Dzierżoniów,Dzierżonowò
Pławno,Pławno
Giera,Giera
Cheb,Cheb
Rzeszów,Rzeszowò
Lusatia,Lusatia
Jutrobóg,Witrobóg
Jutrobóg,Witrobóg
Damna,Damna
Chociebuż,Chocebuż
Chociebuż,Chocebuż
Kamieniec Łużycki/Kamieniec,Kamëniec
Lubin,Lubëno
Zgorzelec,Zgòrzélec
Zgorzelec,Zgòrzélec
Budziszyn,Budziszën
Gródek Łużycki/Gródek,Gardek
Błotań,Błotań
Błotań,Błotań
Storków,Stòrkowò
Namgard,Namgard
Namgard,Namgard
Barszcz,Barszcz
Holsztyn,Holsztyn
Zakręt,Òkòlé
Zakręt,Zakręt
Uchów,Uchowò
Żuławiany,Żuławiônë
Żuławiany,Żuławiônë
Wipowice,Wipòjcë
Icowa,Icëwô
Turinia,Turinia
Turynska,Turynska
Stanica,Stanica
Głuchno,Głuchno
Głusztyn,Głusztyn
Głusztyn,Głusztyn
Ebełów,Ebełów
Młynogród,Młynogród
Święcona Woda,Święcona Woda
Święcona Woda,Święcona Woda
Chrząszczowo,Chrząszczowo
Zatoka Turynska,Zatoka Turynska
Czarnogród,Czarnogród
Czarnogród,Czarnogród
Łobno,Łobno
Góra,Góra
,
,
,
,
,
,
,
,
,
,
,
,
,
,
,
,
,
,
,
,
,
,
,
,
,
,
,
,
,
,
,
,
,
,
,
,
,
,
,
,
,
,
,
,
,
,
,
,
,
,
,
,
,
,
,
,
,
,
,
,
,
,
,
,
,
,
,
,
,
,
,
,
,
,
,
,
,
,
,
,
,
,
,
,
,
,
,
,
,
,
,
,
,
,
,
,
,
,
,
,
,
,
,
,
,
,
,
,
,
,
,
,
,
,
,
,
,
,
,
,
,
,
,
,
,
,
,
,
,
,
,
,
,
,
,
,
,
,
,
,
,
,
,
,
,
,
,
,
,
,
,
,
,
,
,
,
,
,
,
,
,
,
,
,
,
,
,
,
,
,
,
,
,
,
,
,
,
,
,
,
,
,
,
,
,
,
,
,
,
,
,
,
,
,
,
,
,
,
,
,
,
,
,
,
,
,
,
,
,
,
,
,
,
,
,
,
,
,
,
,
,
,
,
,
,
,
,
,
,
,
,
,
,
,
,
,
,
,
,
,
,
,
,
,
,
,
,
,
,
,
,
,
,
,
,
,
,
,
,
,
,
,
,
,
,
,
,
,
,
,
,
,
,
,
,
,
,
,
,
,
,
,
,
,
,
,
,
,
,
,
,
,
,
,
,
,
Rakusia,Rakusia
Wiedeń,Wiedeń
Wiedeń,Wiedeń
,
,
,
,
Trawna,Trawna
,
Liniec,Liniec
,
Czanów,Czanów
Czanów,Czanów
,
,
Św. Ippolita,Św. Ippolita
Św. Ippolita,Św. Ippolita
,
,
Wołów,Wołów
Wołów,Wołów
,
,
,
Mostów,Mostów
Mostów,Mostów
,
Kremża,Kremża
Kremża,Kremża
,
,
,
,
,
,
,
,
,
,
,
,
,
,
,
,
,
,
,
,
,
,
,
,
,
,
,
,
,
,
,
,
,
,
,
,
,
,
,
,
,
,
,
,
,
,
,
,
,
,
,
,
,
,
,
,
,
,
,
,
,
,
,
,
,
,
,
,
,
,
,
,
,
,
,
,
,
,
,
,
,
,
,
,
,
,
,
,
,
,
,
,
,
,
,
,
,
,
,
,
,
,
,
,
,
,
,
,
,
,
,
,
,
,
,
,
,
,
,
,
,
,
,
,
,
,
,
,
,
,
,
,
,
,
,
,
,
,
,
,
,
,
,
,
,
,
,
,
,
,
,
,
,
Abno,Abno
Racisno,Racisno
Abno,Abno
,
,
Czerwieńsk,Czerwieńsk
Czerwieńsk,Czerwieńsk
,
,
Osada,Osada
Osada,Osada
,
Witrynowo,Witrynowo
Witrynowo,Witrynowo
,
,
Ińsko,Ińsko
Ińsko,Ińsko
,
,
Pieszów,Pieszów
Pieszów,Pieszów
,
,
,
Naba,Naba
Jelenia Góra,Jelenia Góra
Jelenia Góra,Jelenia Góra
Dębowo,Dębowo
Białaczów,Białaczów
Świątnik,Świątnik
Świątnik,Świątnik
Chełmowo,Chełmowo
Polana Nabski,Polana Nabski
Solec,Solec
Solec,Solec
Parska Góra,Parska Góra
Długosz,Długosz
Wyszków,Wyszków
Wyszków,Wyszków
Chamstwo,Chamstwo
Wiązów,Wiązów
,
,
,
,
,
,
,
,
,
,
,
,
,
,
,
,
,
,
,
,
,
,
,
,
,
,
,
,
,
,
,
,
,
,
,
,
,
,
,
,
,
,
,
,
,
,
,
,
,
,
,
,
,
,
,
,
,
,
,
,
,
,
,
,
,
,
,
,
,
,
,
,
,
,
,
,
,
,
,
,
,
,
,
,
,
,
,
,
,
,
,
,
,
,
,
,
,
,
,
,
,
,
,
,
,
,
,
,
,
,
,
,
,
,
,
,
,
,
,
,
,
,
,
,
,
,
,
,
,
,
,
,
,
,
,
,
Praga,Praga
Praga,Praga
Wyszogród,Wyszogród
Bierno,Bierno
Mielnik,Mielnik
Słony,Słony
Milewsko,Milewsko
Litomierzyce,Litomierzyce
Litomierzyce,Litomierzyce
Bielina,Bielina
Dzieczyn,Dzieczyn
Żytawa,Żytawa
Zatoka Czeska/Zatoka,Zatoka
Zatoka Czeska/Zatoka,Zatoka
Kadań,Kadań
Siedlec,Siedlec
Łokieć,Łokieć
Pilzno,Pilzno
Pilzno,Pilzno
Srebro,Srebro
Przyda,Przyda
Domyślice,Domyślice
Prachyń,Prachyń
Piasek,Piasek
Duleby,Duleby
Duleby,Duleby
Nietolice,Nietolice
Różbork,Różbork
Krzywa Pola,Krzywa Pola
Chynów,Chynów
Bechynie,Bechynie
Bolesław,Bolesław
Bolesław,Bolesław
Bezdziedz,Bezdziedz
Gródek Królowej,Gródek Królowej
Gródek Królowej,Gródek Królowej
Chojnów,Chojnów
Jaromierz,Jaromierz
Kłodzko,Kłodzko
Czesław,Czesław
Czesław,Czesław
Wrocław Czeski/Wrocław,Wrocław
Hrodzim,Hrodzim
,
Ołomuniec,Ołomuniec
Ołomuniec,Ołomuniec
Uniczów,Uniczów
Kromierzycz,Kromierzycz
Opawa,Opawa
Opawa,Opawa
Gródek Morawski,Gródek Morawski
Przerów,Przerów
Przerów,Przerów
Spytniów,Spytniów
Chodonin,Chodonin
Wesołe,Wesołe
Berno,Berno
Berno,Berno
Iwańce,Iwańce
Żdżar,Żdżar
Igława,Igława
Igława,Igława
Telcz,Telcz
Znojmów,Znojmów
Znojmów,Znojmów
Bytów Morawski,Bytów Morawski
Brzecław,Brzecław
Mikołajów,Mikołajów
,
,
,
,
,
,
,
,
,
,
,
,
,
,
,
,
,
,
,
,
,
,
,
,
,
,
,
,
,
,
,
,
,
,
,
,
,
,
,
,
,
,
,
,
,
,
,
,
,
,
,
,
,
,
,
,
,
,
,
,
,
,
,
,
,
,
,
,
,
,
,
,
,
,
,
,
,
,
,
,
,
,
,
,
,
,
,
,
,
,
,
,
,
,
,
,
,
,
,
,
,
,
,
,
,
,
,
,
,
,
,
,
,
,
,
,
,
,
,
,
,
,
,
,
,
,
,
,
,
,
,
,
,
,
,
,
,
,
,
,
,
,
,
,
,
,
,
,
,
,
,
,
,
,
,
,
,
,
,
,
,
,
,
,
,
,
,
,
,
,
,
,
,
,
,
,
,
,
,
,
,
,
,
,
,
,
,
,
,
,
,
,
,
,
,
,
,
,
,
,
,
,
,
,
,
,
,
,
,
,
,
,
,
,
,
,
,
,
,
,
,
,
,
,
,
,
,
,
,
,
,
,
,
,
,
,
,
,
,
,
,
,
,
,
,
,
,
,
,
,
,
,
,
,
,
,
,
,
,
,
,
,
,
,
,
,
,
,
,
,
,
,
,
,
,
,
,
,
,
,
,
,
,
,
,
,
,
,
,
,
,
,
,
,
,
,
,
,
,
,
,
,
,
,
,
,
,
,
,
,
,
,
,
,
,
,
,
,
,
,
,
,
,
,
,
,
,
,
,
,
,
,
,
,
,
,
,
,
,
,
,
,
,
,
,
,
,
,
,
,
,
,
,
,
,
,
,
,
,
,
,
,
,
,
,
,
,
,
,
,
,
,
,
,
,
,
,
,
,
,
,
,
,
,
,
,
,
,
,
,
,
,
,
,
,
,
,
,
,
,
,
,
,
,
,
,
,
,
,
,
,
,
,
,
,
,
,
,
,
,
,
,
,
,
,
,
,
,
,
,
,
,
,
,
,
,
,
,
,
,
,
,
,
,
,
,
,
,
,
,
,
,
,
,
,
,
,
,
,
,
,
,
,
,
,
,
,
,
,
,
,
,
,
,
,
,
,
,
,
,
,
,
,
,
,
,
,
,
,
,
,
,
,
,
,
,
,
,
,
,
,
,
,
,
,
,
,
,
,
,
,
,
,
,
,
,
,
,
,
,
,
,
,
,
,
,
,
,
,
,
,
,
,
,
,
,
,
,
,
,
,
,
,
,
,
,
,
,
,
,
,
,
,
,
,
,
,
,
,
,
,
,
,
,
,
,
,
,
,
,
,
,
,
,
,
,
,
,
,
,
,
,
,
,
,
,
,
,
,
,
,
,
,
,
,
,
,
,
,
,
,
,
,
,
,
,
,
,
,
,
,
,
,
,
,
,
,
,
,
,
,
,
,
,
,
,
,
,
,
,
,
,
,
,
,
,
,
,
,
,
,
,
,
,
,
,
,
,
,
,
,
,
,
,
,
,
,
,
,
,
,
,
,
,
,
,
,
,
,
,
,
,
,
,
,
,
,
,
,
,
,
,
,
,
,
,
,
,
,
,
,
,
,
,
,
,
,
,
,
,
,
,
,
,
,
,
,
,
,
,
,
,
,
,
,
,
,
,
,
,
,
,
,
,
,
,
,
,
,
,
,
,
,
,
,
,
,
,
,
,
,
,
,
,
,
,
,
,
,
,
,
,
,
,
,
,
,
,
,
,
,
,
,
,
,
,
,
,
,
,
,
,
,
,
,
,
,
,
,
,
,
,
,
,
,
,
,
,
,
,
,
,
,
,
,
,
,
,
,
,
,
,
,
,
,
,
,
,
,
,
,
,
,
,
,
,
,
,
,
,
Theodoro,Theodoro
Chersoniec,Chersoniec
Teodoro,Teodoro
Symbało,Symbało
Jałta,Jałta
Teodosja,Teodosja
Sudak,Sudak
,
Teodosja,Teodosja
Aluszta,Aluszta
,
,
,
,
,
,
,
,
,
,
,
,
,
,
,
,
,
,
,
,
,
,
,
,
,
,
,
,
,
,
,
,
,
,
,
,
,
,
,
,
,
,
,
,
,
,
,
,
,
,
,
,
,
,
,
,
,
,
,
,
,
,
,
,
,
,
,
,
,
,
,
,
,
,
,
,
,
,
,
,
,
,
,
,
,
,
,
,
,
,
,
,
,
,
,
,
,
,
,
,
,
,
,
,
,
,
,
,
,
,
,
,
,
,
,
,
,
,
,
,
,
,
,
,
,
,
,
,
,
,
,
,
,
,
,
,
,
,
,
,
,
,
,
,
,
,
,
,
,
,
,
,
,
,
,
,
,
,
,
,
,
,
,
,
,
,
,
,
,
,
,
,
,
,
,
,
,
,
,
,
,
,
,
,
,
,
,
,
,
,
,
,
,
,
,
,
,
,
,
,
,
,
,
,
,
,
,
,
,
,
,
,
,
,
,
,
,
,
,
,
,
,
,
,
,
,
,
,
,
,
,
,
,
,
,
,
,
,
,
,
,
,
,
,
,
,
,
,
,
,
,
,
,
,
,
,
,
,
,
,
,
,
,
,
,
,
,
,
,
,
,
,
,
,
,
,
,
,
,
,
,
,
,
,
,
,
,
,
,
,
,
,
,
,
,
,
,
,
,
,
,
,
,
,
,
,
,
,
,
,
,
,
,
,
,
,
,
,
,
,
,
,
,
,
,
,
,
,
,
,
,
,
,
,
,
,
,
,
,
,
,
,
,
,
,
,
,
,
,
,
,
,
,
,
,
,
,
,
,
,
,
,
,
,
,
,
,
,
,
,
,
,
,
,
,
,
,
,
,
,
,
,
,
,
,
,
,
,
,
,
,
,
,
,
,
,
,
,
,
,
,
,
,
,
,
,
,
,
,
,
,
,
,
,
,
,
,
,
,
,
,
,
,
,
,
,
,
,
,
,
,
,
,
,
,
,
,
,
,
,
,
,
,
,
,
,
,
,
,
,
,
,
,
,
,
,
,
,
,
,
,
,
,
,
,
,
,
,
,
,
,
,
,
,
,
,
,
,
,
,
,
,
,
,
,
,
,
,
,
,
,
,
,
,
,
,
,
,
,
,
,
,
,
,
,
,
,
,
,
,
,
,
,
,
,
,
,
,
,
,
,
,
,
,
,
,
,
,
,
,
,
,
,
,
,
,
,
,
,
,
,
,
,
,
,
,
,
,
,
,
,
,
,
,
,
,
,
,
,
,
,
,
,
,
,
,
,
,
,
,
,
,
,
,
,
,
,
,
,
,
,
,
,
,
,
,
,
,
,
,
,
,
,
,
,
,
,
,
,
,
,
,
,
,
,
,
,
,
,
,
,
,
,
,
,
,
,
,
,
,
,
,
,
,
,
,
,
,
,
,
,
,
,
,
,
,
,
,
,
,
,
,
,
,
,
,
,
,
,
,
,
,
,
,
,
,
,
,
,
,
,
,
,
,
,
,
,
,
,
,
,
,
,
,
,
,
,
,
,
,
,
,
,
,
,
,
,
,
,
,
,
,
,
,
,
,
,
,
,
,
,
,
,
,
,
,
,
,
,
,
,
,
,
,
,
,
,
,
,
,
,
,
,
,
,
,
,
,
,
,
,
,
,
,
,
,
,
,
,
,
,
,
,
,
,
,
,
,
,
,
,
,
,
,
,
,
,
,
,
,
,
,
,
,
,
,
,
,
,
,
,
,
,
,
,
,
,
,
,
,
,
,
,
,
,
,
,
,
,
,
,
,
,
,
,
,
,
,
,
,
,
,
,
,
,
,
,
,
,
,
,
,
,
,
,
Szellan,Szellan
Szellan,Széllan
Roszczylda,Rosczëlda
Helsyngórz,Hélsëngòrë
Habno,Hôwensczi
Nestwyd,Néstwëd
Sławcy,Słôwcë
,
Odynsa,Odënsa
Swętbork,Swãtbòrg
Mydwór,Mëdwór
Lolan,Lolan
Nykobin,Nëkobëno
Naczków,Naczkowò
,
,
,
,
,
,
,
,
,
,
,
Burga Wyspa,Burga Wyspa
Rejna,Rejna
,
,
,
,
,
,
,
,
,
,
,
,
,
,
,
,
,
,
,
,
,
,
Szleswik,Szleswik
Szleswik,Szleswik
Hedabierz,Hedabierz
Opnyr,Opnyr
Husumbierz,Husumbierz
Wobierz,Wobierz
Wobierz,Wobierz
Tałów,Tałowò
Kołdyn,Kołdën
Ryba,Ryba
Ryba,Ryba
Warta,Warta
,
,
,
,
,
,
,
,
,
,
,
,
,
,
,
,
,
,
,
,
,
,
,
,
,
,
,
,
,
,
,
,
,
,
,
,
,
,
,
,
,
,
,
,
,
,
,
,
,
,
,
,
,
,
,
,
,
,
,
,
,
,
,
,
,
,
,
,
,
,
,
,
,
,
,
,
,
,
,
,
,
,
,
,
,
,
,
,
,
,
,
,
,
,
,
,
,
,
,
,
,
,
,
,
,
,
,
,
,
,
,
,
,
,
,
,
,
,
,
,
,
,
,
,
,
,
,
,
,
,
,
,
,
,
,
,
,
,
,
,
,
,
,
,
,
,
,
,
,
,
,
,
,
,
,
,
,
,
,
,
,
,
,
,
,
,
,
,
,
,
,
,
,
,
,
,
,
,
,
,
,
,
,
,
,
,
,
,
,
,
,
,
,
,
,
,
,
,
,
,
,
,
,
,
,
,
,
,
,
,
,
,
,
,
,
,
,
,
,
,
,
,
,
,
,
,
,
,
,
,
,
Kiernów,Kiernów
Kiernów,Kiernów
Wilno,Wilno
Miedniki,Miedniki
Soleczniki,Soleczniki
Dziewałtów,Dziewałtów
Dziewałtów,Dziewałtów
Giedrojcie,Giedrojcie
Wiłkomierz,Wiłkomierz
Oszmiana,Oszmiana
Oszmiana,Oszmiana
Holsza,Holsza
Iwie,Iwie
Krewo,Krewo
Uciana/Uciena,Uciena
Uciana/Uciena,Uciena
Tauroginy,Tauroginy
Święciany,Święciany
,
,
Ostryna,Ostryna
Troki,Troki
Troki,Troki
Troki,Troki
Olita,Olita
Kowno,Kowno
Merecz,Merecz
Olkieniki,Olkieniki
Suwałki,Suwałki
Suwałki,Suwałki
Poniemena,Poniemena
Wyłkowyszki,Wyłkowyszki
Sejny,Sejny
Jacwież/Grodno,Grodno
Grodno,Grodno
Druskieniki,Druskieniki
Sokółka,Sokółka
,
Rosienie/Żmudż,Żmudż
Rosienie,Rosienie
Jurbork,Jurbork
Wielona,Wielona
Kiejdany,Kiejdany
Ragneta,Ragneta
Ragneta,Ragneta
Tylża,Tylża
Kłajpeda,Kłajpeda
Kłajpeda,Kłajpeda
Taurogi,Taurogi
Połąga,Połąga
Połąga,Połąga
Miedniki,Miedniki
Telsze,Telsze
Szawle,Szawle
Szawle,Szawle
Upita,Upita
Birże,Birże
Prussia,Prussia
Prussia,Prussia
Pomezania,Pomezania
Elbląg,Elbląg
Malbork,Malbork
Kwidzyn,Kwidzyn
Sztutowo,Sztutowo
Warmia,Warmia
Orneta,Orneta
Morąg,Morąg
Braniewo,Braniewo
Pokarmin,Pokarmin
Pokarmin,Pokarmin
,
Welawa,Welawa
Królewiec,Królewiec
Królewiec,Królewiec
Kałp,Kałp
Lidzbark,Lidzbark
Lidzbark,Lidzbark
Bartoszyce,Bartoszyce
Wystruć,Wystruć
Rastembork,Rastembork
,
Chełmno,Chôłmno
Chełmno,Chôłmno
Toruń,Toruń
Wąbrzeźno,Wąbrzeźno
Ostróda/Iława,Iława
Iława,Iława
Brodnica,Brodnica
Ostróda,Ostróda
Olsztyn,Holstëno
Olsztyn,Holstëno
Lec,Lec
Lec,Łek
Węgorzewo/Węgobork,Węgobork
Szczytno,Sczëtno
Nidzia,Nibòrg
Estonia,Estonia
Ozylia,Ozylia
Ozyl,Ozyl
Arensbork,Arensbork
,
,
,
Wik,Wik
,
,
Estonia,Estonia
Rewel,Rewel
Rewel,Rewel
,
,
Narwa,Narwa
Narwa,Narwa
,
Zemgalia,Zemgalia
Zemgalia,Zemgalia
Jełgawa,Jełgawa
,
,
,
Zelonów,Zelonów
Zelonów,Zelonów
,
Kurland,Kurland
Bandowe,Bandowe
,
Bandowe,Bandowe
,
Talsa,Talsa
,
,
,
,
,
,
Giersyka,Giersyka
Giersyka,Giersyka
,
,
Dźwińsk,Dźwińsk
,
Latgalia,Latgalia
Tołowa,Tołowa
Wołmierz,Wołmierz
,
,
Kokenuza/Koknese,Kokenuza
Kokenuza/Koknese,Kokenuza
,
,
Malbork Łotewski,Malbork Łotewski
Malbork Łotewski,Malbork Łotewski
,
Livonia,Livonia
Turajda,Turajda
Ryga,Ryga
,
Ykskyl,Ykskyl
Lemsal,Lemsal
Lemsal,Lemsal
,
Felin,Felin
Parnawa,Parnawa
,
,
Dorpat,Dorpat
Dorpat,Dorpat
,
,
,
Sorbia,Sorbia
,
,
,
,
,
,
,
,
,
,
,
,
,
,
,
,
,
,
,
,
,
,
,
,
,
,
,
,
,
,
,
,
,
,
,
,
,
,
,
,
,
,
,
,
,
,
,
,
,Pòznań
,Pòznań
,
,
,
,
,Wiôlëno
,Wiôlëno
,
,Gniezëno
,Gniezëno
,
,
,
,Kôlisz
,Kôlisz
,
,
,
,
,
,
,Krajnô
,
,
,
,
,
,
,
,
,
,
,
,
,
,
,
,Gòscënën
,Gòscënën
,
,
,
,Łómżô
,Łómżô
,
,
,Kroczëno
,Kroczëno
,
,
,
,
,
,
Kluczbork,Kluczbork
Strzelce,Strzelce
,
,
,
,
,
,
,
,
,
,
,
Racibórz,Racibórz
Racibórz,Racibórz
,
Bytom,Bytom
Bytom,Bytom
,
,
Wrocław,Wrocław
Wrocław,Wrocław
,
,
,
,
Świebodzin,Swiôbodzëno
Świebodzin,Swiôbodzëno
,
,
Zielona Góra,Zelonô Górë
Zielona Góra,Zelonô Górë
,
Krosno,Krosno
Szprotawa,Szprotawa
Szprotawa,Szprotawa
,
,
,Przemkowò
,Przemkowò
,
,
,
,
,
,
,
,Kùjawë
,
,
,
,
,Dobrzëno
,Dobrzëno
,
,Łãczëcô
,Łãczëcô
,
,
,
,
Lubusz,Lubùsz
Lubusz,Lubùsz
Lubusz,Lubùsz
Słubice,Słubice
Sulęcin,Sulęcin
Rzepin,Rjepin
Santok,Santok
Santok,Santok
Wieleń,Wieléń
Stargard,Stôrgard
Choszczno,Chòsczno
Cedynia,Cedynia
Cedynia,Cedynia
Kostrzyn,Kostrzyn
,
Lubice,Lubice
Lubice,Lubice
Utyń,Utyń
Kilno,Kilno
Kilno,Kilno
Wmorze,Wmòrze
,Szczecëno
,
,Szczecëno
,Szczecëno
Wkryujście,Wkra
,
Pyrzyce,Pyrzyce
Wolin,Wòlëń
Wolin,Wòlëń
Kołobrzeg,Kołobrzeg
Goleniów,Goleniów
Nowogard,Nowogard
Kołobrzeg,Kòlbrzég
Kołobrzeg,Kòlbrzég
Czaplinek,Czôplënkò
Białogard,Biôłogard
Wałcz,Wałcz
Wałcz,Wałcz
Piła,Pieła
Szczecinek,Szczecinek
Veletia,Veletia
Wielogród,Wiôlôgard
Krzywiec,Krzëwiôc
Parchno,Piôrchno
Radno,Redno
Wołgoszcz,Wołogoszcz
Wołgoszcz,Wołogoszcz
Gryfia,Grëfëno
Rana,Rena
Arkona,Jarkona
Strzałów,Strzałowò
Roztoka,Roztoka
Roztoka,Roztoka
Guszczerowo,Guszczerowo
Warnabia,Warnabia
Warnabia/Wierło,Wierło
Dołęże,Dołęże
Strzelce,Strzelce
Kashubia,Kashubia
Gdańsk,Gduńsk
Gdańsk,Gduńsk
Sopot,Sopot
Puck,Pùck
Tczew,Dërszewò
Słupsk,Stôłpsk
Słupsk,Stôłpsk
Koszalin,Kòszalëno
Lębork,Lãbòrg
Bytów,Bëtowò
Szczytno,Bëtowò
Szczytno,Szczecëtno
Miastko,Miastko
Świecie,Swiecé
Świecie,Swiecé
Kościerzyna,Kòscérzëna
Starogard,Starogarda
,Chònice
Luticia,Luticia
Branibórz,Branibórz
Brenna,Brenna
Postąpin,Postąpin
Kopnik,Kopnik
Tangierzyn,Tandżerzën
Starogród,Starogarda
Głazów,Głazowò
Gardno,Gôrdno
Wierzbno,Wierzbno
Dziewin,Dzëwëno
Dziewin,Dziewin
Mokranice,Mokranice
Gątymierz,Gãtëmierz
Wilzia,Wilzia
Wilzia,Wilzia
Lipów,Lipowò
Nowe,Nowô
Berło,Berło
Berło,Berło
Bytów/Butów,Butów
Białoróż,Białoróż
Hobolin,Hobolëno
Hobolin,Brizania
,
,
Klenów,Klenowò
Przemysłów,Redaria
,
,
Przemysłów,Rethra
Tęplin,Tãplëno
Świecie nad Odrą,Swiecé nad Odrã
Dzikowo,Dzëkòwò
,
,
,
,
,
Brześć,Brześć
Brześć,Brześć
,
Kamieniec,Kamieniec
Siemiatycze,Siemiatycze
Wołkowysk,Wołkowysk
Wołkowysk,Wołkowysk
Białystok,Białystok
Nowogródek,Nowogródek
Nowogródek,Nowogródek
Słonim,Słonim
Wołyń,Wołyń
Włodzimierz,Włodzimierz
Włodzimierz,Włodzimierz
Luck/Łuck,Łuck
,
Kowel,Kowel
Rożyszcze,Rożyszcze
Przesopnica/Peresopnica,Peresopnica
Przesopnica/Peresopnica,Peresopnica
Równe,Równe
Klewan/Klewań,Klewań
Drohiczyn,Drohiczyn
Drohiczyn,Drohiczyn
Kobryń,Kobryń
Błotkowo,Błotkowo
Halicz,Halicz
Halicz,Halicz
Halicz,Halicz
Sambor,Sambor
Kołomyja,Kołomyja
Spas,Spas
Lwów,Lwów
Lwów,Lwów
Dźwinogród,Dźwinogród
Dźwinogród,Dźwinogród
Buczacz,Buczacz
Mokleków/Mikołajów,Mikołajów
Trembowla,Trembowla
Trembowla,Trembowla
Gródek Trembowlski/Gródek,Gródek
Czortków,Czortków
Zasław,Zasław
Zasław,Zasław
,
Ostróg,Ostróg
,
Czerwień,Czerwień
Czerwień,Czerwień
Wołyń/Wolyn,Wolyn
Chołm/Chełm,Chełm
Sąciaska,Sąciaska
Belz/Bełz,Bełz
Belz/Bełz,Bełz
Lubaczów/Lubycza,Lubycza
Przemyśl,Przemyśl
Przemyśl,Przemyśl
Jarosław,Jarosław
Sanok,Sanok
Leżajsk,Leżajsk
Kyovia,Kyovia
,
Toropiec,Toropiec
Toropiec,Toropiec
,
Ozierski,Ozierski
Wiaźma,Wiaźma
Wiaźma,Wiaźma
Zubców,Zubców
Smoleńsk,Smoleńsk
Smoleńsk,Smoleńsk
Smoleńsk,Smoleńsk
Drohobuż/Dorohobuż,Dorohobuż
Mścisław,Mścisław
Mścisław,Mścisław
Czeryków,Czeryków
Gniezdowo/Gniazdowo,Gniazdowo
Duchowszczyna,Duchowszczyna
Gniezdowo/Gniazdowo,Gniazdowo
Wieliż,Wieliż
Rosław/Rościsław,Rościsław
Rosław/Rościsław,Rościsław
Klimowicze,Klimowicze
Jelenia,Jelenia
Pińsk,Pińsk
Pińsk,Pińsk
Pińsk,Pińsk
Łohiszyn,Łohiszyn
Luniniec/Łuniniec,Łuniniec
Słuck,Słuck
Słuck,Słuck
Żytkowicze/Żydkowicze,Żydkowicze
Mikaszewicze,Mikaszewicze
Kleck,Kleck
Kleck,Kleck
Baranowicze,Baranowicze
Bobrujsk,Bobrujsk
Bobrujsk,Bobrujsk
Żłobin,Żłobin
Kalinkowicze,Kalinkowicze
Rzeczyca,Rzeczyca
Kijów,Kijów
Kijów,Kijów
Kijów,Kijów
Wyszhorod,Wyszhorod
Białogród,Białogród
Jurjew,Jurjew
Kaniów,Kaniów
Chwastów,Chwastów
Żytomierz,Żytomierz
Żytomierz,Żytomierz
Kołodeżno,Kołodeżno
Międzybóż,Międzybóż
Bierzyczów,Bierzyczów
Zwiahel,Zwiahel
Zwiahel,Zwiahel
Czartolesy,Czartolesy
Horodnica,Horodnica
Czarnobyl,Czarnobyl
Czarnobyl,Czarnobyl
Iwanków,Iwanków
Iwanków,Iwanków
Uszyca,Uszyca
Uszyca,Uszyca
Winnica,Winnica
Jampol,Jampol
Korsuń,Korsuń
Korsuń,Korsuń
Taraszcza,Taraszcza
Hajsyn,Hajsyn
Turów,Turów
Turów,Turów
Turów,Turów
,
Siało,Siało
Mozyrz,Mozyrz
Lelczyce,Lelczyce
Korosteń,Korosteń
Korosteń,Korosteń
Owrucz,Owrucz
Narowla,Narowla
Dubrowica/Dąbrowica,Dąbrowica
Dubrowica/Dąbrowica,Dąbrowica
Stepań,Stepań
Lubieszów,Lubieszów
Preslavia,Preslavia
Przesław/Perejasław,Perejasław
Przesław/Perejasław,Perejasław
Boryspol,Boryspol
Przyłuki,Przyłuki
Złotonosza,Złotonosza
Hradyźk,Hradyźk
Hradyźk,Hradyźk
Ochtyr,Ochtyr
Mirhorod,Mirhorod
Połtawa,Połtawa
Romny,Romny
Romny,Romny
Sencza,Sencza
Wiahań,Wiahań
Lypieńsk,Lypieńsk
Woin,Woiń
Woin,Woiń
,
,
Nowogród Siewierski,Nowogród Siewierski
Nowogród Siewierski,Nowogród Siewierski
Głuchów,Głuchów
Putywl,Putywl
Putywl,Putywl
Wyr,Wyr
,
Rylsk,Rylsk
Rylsk,Rylsk
Sudża,Sudża
,
,
Obojań,Obojań
Chernihov,Chernihov
Czernihów,Czernihów
Czernihów,Czernihów
Lubech,Lubech
Uneneż,Uneneż
,
Homiel/Homel,Homel
Homiel/Homel,Homel
Suraż,Suraż
Starodąb,Starodąb
Starodąb,Starodąb
Trubieck,Trubieck
Debrańsk,Debrańsk
,
Karachov/Karaczew,Karaczew
Karaczów,Karaczów
Karaczów/Karaczew,Karaczew
Kreml Pskowski,Kreml Pskowski
Orzeł,Orzeł
Kozielsk,Kozielsk
Kozielsk,Kozielsk
Wrotynsk,Wrotynsk
Bielów,Bielów
Siewsk,Siewsk
Siewsk,Siewsk
Łokieć,Łokieć
,
Nowosił,Nowosil
Nowosił,Nowosil
Mcensk,Mcensk
Liwień,Liwień
Odojew,Odojew
Odojew,Odojew
Suworów,Suworów
Novogrod,Novogarda
Psków,Psków
Psków,Psków
Psków,Psków
,
Ostrów,Ostrów
Gdów,Gdów
Novogrod,Novogarda
Nowogród,Nowogród
Nowogród Wielki,Nowogród Wielki
Ładoga,Ładoga
Lubań,Lubań
Sołtsy,Sołtsy
Ługa,Ługa
Wioska Cezarska,Wioska Cezarska
,
Stara Russa,Stara Russa
Dziadów,Dziadów
Łoknia,Łoknia
Porchów,Porchów
Siebież,Siebież
Siebież,Siebież
Niewiel,Niewiel
Noworzów,Noworzów
Koprze/Koporze,Koporze
Koprze/Koporze,Koporze
Jama,Jama
Wodzi,Wodzi
Newa,Nień
Orzechów,Orzechów
Bialozero,Bialozero
Białoziersk,Białoziersk
Białoziersk,Białoziersk
Czerpowiec,Czerpowiec
Jogań,Jogań
Wołogda,Wołogda
Wołogda,Wołogda
Szeksna,Szeksna
Grazowiec,Grazowiec
Rozlewana,Rozlewana
Daniłów,Daniłów
Tichwin,Tichwin
Tichwin,Tichwin
Kiryszy,Kiryszy
Boroweck,Boroweck
Chłopy,Chłopy
Pikalowa,Pikalowa
Babajewa/Wycięgra,Wycięgra
Babajewa/Wycięgra,Wycięgra
Podporoże,Podporoże
Łuki,Łuki
Łuki,Łuki
Łuki,Łuki
Chołm,Chołm
Demiańsk,Demiańsk
Wałdaj,Wałdaj
Torżok,Torżok
Kliczen,Kliczen
Wałdaj,Wałdaj
Górny Włoczek,Górny Włoczek
Beżeck,Beżeck
Beżeck,Beżeck
Żelazny Uściug,Żelazny Uściug
,
Mińsk,Mińsk
Mińsk,Mińsk
Mińsk,Mińsk
Borysów,Borysów
Bobrujsk,Bobrujsk
Lepel,Lepel
Łahojsk/Łohojsk,Łohojsk
Maładzieczna/Mołodeczno,Mołodeczno
Zasławie/Zasław,Zasław
Zasławie/Zasław,Zasław
Wałożyn,Wałożyn
,
Orsza,Orsza
Orsza,Orsza
Druck,Druck
Połock,Połock
Połock,Połock
Połock,Połock
Miory,Miory
Wietryno,Wietryno
Dzisna,Dzisna
Brasław,Brasław
Brasław,Brasław
Druja,Druja
Krasław,Krasław
Łukoml,Łukoml
Łukoml,Łukoml
Lepel,Lepel
Głębokie,Głębokie
Budsław,Budsław
Wiciebsk/Witebsk,Witebsk
Wiciebsk/Witebsk,Witebsk
Horodek,Horodek
Vlodimir,Vlodimir
Moscovia,Moscovia
Rostów,Rostów
Rostów,Rostów
Rostów,Rostów
Gródek Sarskie,Gródek Sarskie
Wielka Sól,Wielka Sól
,
,
Halicz Merski,Halicz Merski
Czuchłoma,Czuchłoma
Solihalicz,Solihalicz
Jarosław,Jarosław
Jarosław,Jarosław
Wiackie,Wiackie
Młoga,Młoga
Lubim,Lubim
Moscovia,Moscovia
Moskwa,Moskwa
Moskwa,Moskwa
Dmitrów,Dmitrów
Fomińsk,Fomińsk
Sierpuchów,Sierpuchów
Możajsk,Możajsk
Możajsk,Możajsk
Łotoszyno,Łotoszyno
Twer,Twer
Twer,Twer
Twer,Twer
Włokołamsk,Włokołamsk
,
Uglicz,Uglicz
Uglicz,Uglicz
Kaszyn,Kaszyn
,
Włodzimierz,Włodzimierz
Włodzimierz,Włodzimierz
Włoczek,Włoczek
,
Gorzewsk,Gorzewsk
,
,
Juriew,Juriew
Przesław Zaleski,Przesław Zaleski
Iwanowo,Iwanowo
Riazań,Riazań
Riazań,Riazań
Riazań,Riazań
Przesław Razański,Przesław Razański
Waskina Polana,Waskina Polana
Klepiky,Klepiky
Gródek Meszczerski,Gródek Meszczerski
,
,
Jelec,Jelec
Kołomna,Kołomna
Kołomna,Kołomna
,
Rościsław,Rościsław
,
,
Starodąb-na-Klaźmie,Starodąb-na-Klaźmie
Wyksa,Wyksa
Nowogród Dolny,Nowogród Dolny
Nowogród Dolny,Nowogród Dolny
Nowogród Dolny,Nowogród Dolny
,
,
Gródek Nowogrodzki,Gródek Nowogrodzki
Gródek Nowogrodzki,Gródek Nowogrodzki
Makarew,Makarew
Plos,Plos
Plos,Plos
Szuja,Szuja
Manturowo,Manturowo
Manturowo,Manturowo
Sądaj,Sądaj
Archangel,Archangel
Archangel,Archangel
Chołmogóry,Chołmogóry
Chołmogóry,Chołmogóry
Archaniołsk,Archaniołsk
Orlec,Orlec
Oniega,Oniega
Oniega,Oniega
Mokryszwica,Mokryszwica
Korzelskie,Korzelskie
Małoszujka,Małoszujka
Powianiec,Powianiec
Powianiec,Powianiec
Maleńga,Maleńga
Jangory,Jangory
Kuzaranie,Kuzaranie
Pudoż,Pudoż
Pudoż,Pudoż
Wierszynino,Wierszynino
Jarniema,Jarniema
Kargopol,Kargopol
Kargopol,Kargopol
Kargopol,Kargopol
Wycięgra,Wycięgra
Ostrów Oneski,Ostrów Oneski
Cyrylów,Cyrylów
Cyryl-Białozierski,Cyryl-Białozierski
Wożega,Wożega
Spaski,Spaski
,
,
Kokszenga,Kokszenga
Dźwinica,Dźwinica
Kadników,Kadników
Mikołsk,Mikołsk
Mikołsk,Mikołsk
Mikołsk,Mikołsk
Karyca,Karyca
Oparyno,Oparyno
Oparyno,Oparyno
Gródek Pałemski,Gródek Pałemski
Noszół,Noszół
Uściug,Uściug
Uściug,Uściug
Uściug Wielki,Uściug Wielki
Niuksienica,Niuksienica
,
Bestużewo,Bestużewo
Szenkursk,Szenkursk
Szenkursk,Szenkursk
Sosnowiec,Sosnowiec
Szymonowsk,Szymonowsk
Wielsk,Wielsk
Wielsk,Wielsk
Wierchoważe,Wierchoważe
Wagaujście,Wagaujście
Jemieck,Jemieck
Kiewroła,Kiewroła
Kiewroła,Kiewroła
Wierkoła,Wierkoła
,
Sarmatia,Sarmatia
Podolia,Podolia
Ładyżyn,Ładyżyn
Ładyżyn,Ładyżyn
Podolsk,Podolsk
Lubaszówka,Lubaszówka
Humań,Humań
Bracław,Bracław
,
Umań/Humań,Humań
Czerkasy,Czerkasy
Czerkasy,Czerkasy
Juśków,Juśków
Archaniołsk,Archaniołsk
Sokołogórsk,Sokołogórsk
Kudak,Kudak
Kudak,Kudak
Przewłoczna,Przewłoczna
Scythia,Scythia
Bachmut,Bachmut
Bachmut,Bachmut
Łozowa,Łozowa
Pokrowsk,Pokrowsk
Tor,Tor
Wołcza,Wołcza
Samar,Samar
Samar,Samar
Karłówka,Karłówka
Charków,Charków
Boguduchów/Bogoduchów,Bogoduchów
,
Kamiensk,Kamiensk
Kamiensk,Kamiensk
Syracin,Syracin
,
Iweleck,Iweleck
,
Rozdory,Rozdory
Ajdar,Ajdar
Nowy Ajdar,Nowy Ajdar
Boguczar,Boguczar
Stary Ajdar,Stary Ajdar
Borysów,Borysów
Cezarzyn/Ładyżyn,Ładyżyn
Cezarzyn,Cezarzyn
Frołowa/Frołów,Frołów
Kamyszyn,Kamyszyn
Jełan,Jełan
Yedisan,Yedisan
Czarnogród/Koczuby,Koczuby
Czarnogród/Koczuby,Koczuby
Tyraspol,Tyraspol
Odesa,Odesa
Oczaków,Oczaków
Cherson,Cherson
Cherson,Cherson
Krzywy Róg,Krzywy Róg
Sokoły,Sokoły
Tawań,Tawań
Tawań,Tawań
Mykatny Róg,Mykatny Róg
Tauria,Tauria
Chortyca,Chortyca
Chortyca,Chortyca
Domacha,Domacha
Berdziańsk,Berdziańsk
Donieck,Donieck
Olesze,Olesze
Olesze,Olesze
Kachówka,Kachówka
Melitopol,Melitopol
Tana,Tana
Tana,Tana
Tana,Tana
Taganróg,Taganróg
Wasylówka,Wasylówka
Wasylówka,Wasylówka
Ługan/Ługań,Ługań
Crimea,Crimea
Kozłów,Kozłów
Czarnomorsk,Czarnomorsk
Kozłów,Kozłów
Symteropol,Symteropol
Przekop,Przekop
Przekop,Przekop
Dżankoj,Dżankoj
,
,
Białawieża,Białawieża
Białawieża,Białawieża
Aksaj,Aksaj
Manycz,Manycz
Manycz,Manycz
Karakursk,Karakursk
Gorlyk,Gorlyk
Astrachań,Astrachań
Astrachań,Astrachań
,
Chazarań,Chazarań
,
,
,
,
,
,
,
,
,
,
,
,
,
,
,
,
,
Temruk,Temruk
Temruk,Temruk
Temruk,Temruk
Nowopol,Nowopol
Korczew,Korczew
Kercz,Kercz
Stary Krym,Stary Krym
Azów,Azów
Azów,Azów
Azów,Azów
Kamczew,Kamczew
,
,
Bałkaria,Bałkaria
Słony,Słony
Chumierz,Chumierz
Jesieni,Jesieni
Czełbas,Czełbas
Tychon,Tychon
,
,
Saraj,Saraj
Saraj,Saraj
,
,
,
,
,
,
,
,
,
,
,
,
,
,
,
,
,
,
,
,
,
,
,
,
,
,
,
,
,
,
,
,
,
,
,
,
,
,
,
,
,
,
,
,
,
,
,
,
,
,
,
,
,
,
,
Kazań,Kazań
Kazań,Kazań
Kazań,Kazań
,
,
,
,
,
,
,
,
,
,
,
,
,
,
,
,
,
,
,
,
,
,
,
,
,
,
,
,
,
,
,
,
,
,
,
,
,
,
,
,
,
,
,
,
,
,
,
,
,
,
,
,
,
,
,
,
,
,
,
,
,
,
,
,
,
,
,
,
,
,
,
Vronezh,Vronezh
Wronież,Wronież
Wronież,Wronież
,
Lipieck,Lipieck
Karatojak,Karatojak
Karatojak,Karatojak
Pawłowsk,Pawłowsk
Bobrów,Bobrów
Oskoł,Oskoł
Oskoł,Oskoł
Putywl,Putywl
Chursa,Chursa
,
,
Saratów,Saratów
Saratów,Saratów
,
,
,
,
,
,
,
,
,
,
,
,
,
,
,
,
,
,
,
,
,
,
,
,
,
,
,
,
,
,
Tambów,Tambów
Tambów,Tambów
,
,
,
,
,
,
,
,
,
,
,
,
,
,
,
,
,
,
,
,
,
,
,
,
,
,
,
,
,
,
,
,
,
,
,
,
,
,
,
,
,
,
,
,
,
,
,
,
,
,
,
,
,
,
,
,
,
,
,
,
,
,
,
,
,
,
,
,
,
,
,
,
,
,
,
,
,
,
,
,
,
,
,
,
,
,
,
,
,
,
,
,
,
,
,
,
,
,
,
,
,
,
,
,
,
,
,
,
,
,
,
,
,
,
,
,
,
,
,
,
,
,
,
,
,
,
,
,
,
,
,
,
,
,
,
,
,
,
,
,
,
,
,
,
,
,
,
,
,
,
,
,
,
,
,
,
,
,
,
,
,
,
,
,
,
,
,
,
,
,
,
,
,
,
,
,
,
,
,
,
,
,
,
,
,
,
,
,
,
,
,
,
,
,
,
,
,
,
,
,
,
,
,
,
,
,
,
,
,
,
,
,
,
,
,
,
,
,
,
,
,
,
,
,
,
,
,
,
,
,
,
,
,
,
,
,
,
,
,
,
,
,
,
,
,
,
,
,
,
,
,
,
,
,
,
,
,
,
,
,
,
,
,
,
,
,
,
,
,
,
,
,
,
,
,
,
,
,
,
,
,
,
,
,
,
,
,
,
,
,
,
,
,
,
,
,
,
,
,
,
,
,
,
,
,
,
,
,
,
,
,
,
,
,
,
,
,
,
,
,
,
,
,
,
,
,
,
,
,
,
,
,
,
,
,
,
,
,
,
,
,
,
,
,
,
,
,
,
,
,
,
,
,
,
,
,
,
,
,
,
,
,
,
,
,
,
,
,
,
,
,
,
,
,
,
,
,
,
,
,
,
,
,
,
,
,
,
,
,
,
,
,
,
,
,
,
,
,
,
,
,
,
,
,
,
,
,
,
,
,
,
,
,
,
,
,
,
,
,
,
,
,
,
,
,
,
,
,
,
,
,
,
,
,
,
,
,
,
,
,
,
,
,
,
,
,
,
,
,
,
,
,
,
,
,
,
,
,
,
,
,
,
,
,
,
,
,
,
,
,
,
,
,
,
,
,
,
,
,
,
,
,
,
,
,
,
,
,
,
,
,
,
,
,
,
,
,
,
,
,
,
,
,
,
,
,
,
,
,
,
,
,
,
,
,
,
,
,
,
,
,
,
,
,
,
,
,
,
,
,
,
,
,
,
,
,
,
,
,
,
,
,
,
,
,
,
,
,
,
,
,
,
,
,
,
,
,
,
,
,
,
,
,
,
,
,
,
,
,
,
,
,
,
,
,
,
,
,
,
,
,
,
,
,
,
,
,
,
,
,
,
,
,
,
,
,
,
,
,
,
,
,
,
,
,
,
,
,
,
,
,
,
,
,
,
,
,
,
,
,
,
,
,
,
,
,
,
,
,
,
,
,
,
,
,
,
,
,
,
,
,
,
,
,
,
,
,
,
,
,
,
,
,
,
,
,
,
,
,
,
,
,
,
,
,
,
,
,
,
,
,
,
,
,
,
,
,
,
,
,
,
,
,
,
,
,
,
,
,
,
,
,
,
,
,
,
,
,
,
,
,
,
,
,
,
,
,
,
,
,
,
,
,
,
,
,
,
,
,
,
,
,
,
,
,
,
,
,
,
,
,
,
,
,
,
,
,
,
,
,
,
,
,
,
,
,
,
,
,
,
,
,
,
,
,
,
,
,
,
,
,
,
,
,
,
,
,
,
,
,
,
,
,
,
,
,
,
,
,
,
,
,
,
,
,
,
,
,
,
,
,
,
,
,
,
,
,
,
,
,
,
,
,
,
,
,
,
,
,
,
,
,
,
,
,
,
,
,
,
,
,
,
,
,
,
,
,
,
,
,
,
,
,
,
,
,
,
,
,
,
,
,
,
,
,
,
,
,
,
,
,
,
,
,
,
,
,
,
,
,
,
,
,
,
,
,
,
,
,
,
,
,
,
,
,
,
,
,
,
,
,
,
,
,
,
,
,
,
,
,
,
,
,
,
,
,
,
,
,
,
,
,
,
,
,
,
,
,
,
,
,
,
,
,
,
,
,
,
,
,
,
,
,
,
,
,
,
,
,
,
,
,
,
,
,
,
,
,
,
,
,
,
,
,
,
,
,
,
,
,
,
,
,
,
,
,
,
,
,
,
,
,
,
,
,
,
,
,
,
,
,
,
,
,
,
,
,
,
,
,
,
,
,
,
,
,
,
,
,
,
,
,
,
,
,
,
,
,
,
,
,
,
,
,
,
,
,
,
,
,
,
,
,
,
,
,
,
,
,
,
,
,
,
,
,
,
,
,
,
,
,
,
,
,
,
,
,
,
,
,
,
,
,
,
,
,
,
,
,
,
,
,
,
,
,
,
,
,
,
,
,
,
,
,
,
,
,
,
,
,
,
,
,
,
,
,
,
,
,
,
,
,
,
,
,
,
,
,
,
,
,
,
,
,
,
,
,
,
,
,
,
,
,
,
,
,
,
,
,
,
,
,
,
,
,
,
,
,
,
,
,
,
,
,
,
,
,
,
,
,
,
,
,
,
,
,
,
,
,
,
,
,
,
,
,
,
,
,
,
,
,
,
,
,
,
,
,
,
,
,
,
,
,
,
,
,
,
,
,
,
,
,
,
,
,
,
,
,
,
,
,
,
,
,
,
,
,
,
,
,
,
,
,
,
,
,
,
,
,
,
,
,
,
,
,
,
,
,
,
,
,
,
,
,
,
,
,
,
,
,
,
,
,
,
,
,
,
,
,
,
,
,
,
,
,
,
,
,
,
,
,
,
,
,
,
,
,
,
,
,
,
,
,
,
,
,
,
,
,
,
,
,
,
,
,
,
,
,
,
,
,
,
,
,
,
,
,
,
,
,
,
,
,
,
,
,
,
,
,
,
,
,
,
,
,
,
,
,
,
,
,
,
,
,
,
,
,
,
,
,
,
,
,
,
,
,
,
,
,
,
,
,
,
,
,
,
,
,
,
,
,
,
,
,
,
,
,
,
,
,
,
,
,
,
,
,
,
,
,
,
,
,
,
,
,
,
,
,
,
,
,
,
,
,
,
,
,
,
,
,
,
,
,
,
,
,
,
,
,
,
,
,
,
,
,
,
,
,
,
,
,
,
,
,
,
,
,
,
,
,
,
,
,
,
,
,
,
,
,
,
,
,
,
,
,
,
,
,
,
,
,
,
,
,
,
,
,
,
,
,
,
,
,
,
,
,
,
,
,
,
,
,
,
,
,
,
,
,
,
,
,
,
,
,
,
,
,
,
,
,
,
,
,
,
,
,
,
,
,
,
,
,
,
,
,
,
,
,
,
,
,
,
,
,
,
,
,
,
,
,
,
,
,
,
,
,
,
,
,
,
,
,
,
,
,
,
,
,
,
,
,
,
,
,
,
,
,
,
,
,
,
,
,
,
,
,
,
,
,
,
,
,
,
,
,
,
,
,
,
,
,
,
,
,
,
,
,
,
,
,
,
,
,
,
,
,
,
,
,
,
,
,
,
,
,
,
,
,
,
,
,
,
,
,
,
,
,
,
,
,
,
,
,
,
,
,
,
,
,
,
,
,
,
,
,
,
,
,
,
,
,
,
,
,
,
,
,
,
,
,
,
,
,
,
,
,
,
,
,
,
,
,
,
,
,
,
,
,
,
,
,
,
,
,
,
,
,
,
,
,
,
,
,
,
,
,
,
,
,
,
,
,
,
,
,
,
,
,
,
,
,
,
,
,
,
,
,
,
,
,
,
,
,
,
,
,
,
,
,
,
,
,
,
,
,
,
,
,
,
,
,
,
,
,
,
,
,
,
,
,
,
,
,
,
,
,
,
,
,
,
,
,
,
,
,
,
,
,
,
,
,
,
,
,
,
,
,
,
,
,
,
,
,
,
,
,
,
,
,
,
,
,
,
,
,
,
,
,
,
,
,
,
,
,
,
,
,
,
,
,
,
,
,
,
,
,
,
,
,
,
,
,
,
,
,
,
,
,
,
,
,
,
,
,
,
,
,
,
,
,
,
,
,
,
,
,
,
,
,
,
,
,
,
,
,
,
,
,
,
,
,
,
,
,
,
,
,
,
,
,
,
,
,
,
,
,
,
,
,
,
,
,
,
,
,
,
,
,
,
,
,
,
,
,
,
,
,
,
,
,
,
,
,
,
,
,
,
,
,
,
,
,
,
,
,
,
,
,
,
,
,
,
,
,
,
,
,
,
,
,
,
,
,
,
,
,
,
,
,
,
,
,
,
,
,
,
,
,
,
,
,
,
,
,
,
,
,
,
,
,
,
,
,
,
,
,
,
,
,
,
,
,
,
,
,
,
,
,
,
,
,
,
,
,
,
,
,
,
,
,
,
,
,
,
,
,
,
,
,
,
,
,
,
,
,
,
,
,
,
,
,
,
,
,
,
,
,
,
,
,
,
,
,
,
,
,
,
,
,
,
,
,
,
,
,
,
,
,
,
,
,
,
,
,
,
,
,
,
,
,
,
,
,
,
,
,
,
,
,
,
,
,
,
,
,
,
,
,
,
,
,
,
,
,
,
,
,
,
,
,
,
,
,
,
,
,
,
,
,
,
,
,
,
,
,
,
,
,
,
,
,
,
,
,
,
,
,
,
,
,
,
,
,
,
,
,
,
,
,
,
,
,
,
,
,
,
,
,
,
,
,
,
,
,
,
,
,
,
,
,
,
,
,
,
,
,
,
,
,
,
,
,
,
,
,
,
,
,
,
,
,
,
,
,
,
,
,
,
,
,
,
,
,
,
,
,
,
,
,
,
,
,
,
,
,
,
,
,
,
,
,
,
,
,
,
,
,
,
,
,
,
,
,
,
,
,
,
,
,
,
,
,
,
,
,
,
,
,
,
,
,
,
,
,
,
,
,
,
,
,
,
,
,
,
,
,
,
,
,
,
,
,
,
,
,
,
,
,
,
,
,
,
,
,
,
,
,
,
,
,
,
,
,
,
,
,
,
,
,
,
,
,
,
,
,
,
,
,
,
,
,
,
,
,
,
,
,
,
,
,
,
,
,
,
,
,
,
,
,
,
,
,
,
,
,
,
,
,
,
,
,
,
,
,
,
,
,
,
,
,
,
,
,
,
,
,
,
,
,
,
,
,
,
,
,
,
,
,
,
,
,
,
,
,
,
,
,
,
,
,
,
,
,
,
,
,
,
,
,
,
,
,
,
,
,
,
,
,
,
,
,
,
,
,
,
,
,
,
,
,
,
,
,
,
,
,
,
,
,
,
,
,
,
,
,
,
,
,
,
,
,
,
,
,
,
,
,
,
,
,
,
,
,
,
,
,
,
,
,
,
,
,
,
,
,
,
,
,
,
,
,
,
,
,
,
,
,
,
,
,
,
,
,
,
,
,
,
,
,
,
,
,
,
,
,
,
,
,
,
,
,
,
,
,
,
,
,
,
,
,
,
,
,
,
,
,
,
,
,
,
,
,
,
,
,
,
,
,
,
,
,
,
,
,
,
,
,
,
,
,
,
,
,
,
,
,
,
,
,
,
,
,
,
,
,
,
,
,
,
,
,
,
,
,
,
,
,
,
,
,
,
,
,
,
,
,
,
,
,
,
,
,
,
,
,
,
,
,
,
,
Suczawa,Suczawa
Suczawa,Suczawa
Bania,Bania
Dorna,Dorna
Kimpulung,Kimpulung
Seret,Seret
Niemiec,Niemiec
Kamieniec Niemiecki,Kamieniec Niemiecki
Targ Niemiecki,Targ Niemiecki
,
Drogów,Drogów
Drogów,Drogów
Harłów,Harłów
Chotyn,Chotyn
Chotyn,Chotyn
Cyców,Cyców
Czerniowce,Czerniowce
,
Jassy,Jassy
Jassy,Jassy
Krzywy Most,Krzywy Most
Chwałeski,Chwałeski
Orgiejów,Orgiejów
Orgiejów,Orgiejów
,
Soroki,Soroki
Soroki,Soroki
Bielce,Bielce
Byrład,Byrład
Byrład,Byrład
Wasłuj,Wasłuj
,
Gałacz,Gałacz
Gałacz,Gałacz
Tekucz,Tekucz
Fokszany,Fokszany
Stojanów,Stojanów
Stojanów,Stojanów
Baków,Baków
Budziak,Budziak
Tehecz,Tehecz
Tehecz,Tehecz
Kagul,Kagul
Białogród,Białogród
Białogród,Białogród
Techyń,Techyń
Kilia,Kilia
Kilia,Kilia
Obluczyca,Obluczyca
Arcyz,Arcyz
Lypuszna,Lypuszna
Lypuszna,Lypuszna
Kiszyniów,Kiszyniów
,
Wyszogród,Wyszogród
Wyszogród,Wyszogród
Wyszogród,Wyszogród
Peszt,Peszt
,
,
Komárno,Komárno
Komárno,Komárno
,
Ostrzyhom,Ostrzyhom
Ostrzyhom,Ostrzyhom
,
Białogród Królewski,Białogród Królewski
Białogród Królewski,Białogród Królewski
,
,
Hewesz,Hewesz
Hewesz,Hewesz
,
,
,
,
Balaton,Balaton
,Błotnogród
,Błotnogród
,
,
Syget,Syget
Błotoziersk,Błotoziersk
Błotogród,Błotogród
,
,
Tołnia,Tołnia
Tołnia,Tołnia
,
Dąbowiec,Dąbowiec
Barania,Barania
Barania,Barania
,
Pecz,Pecz
,
Nitra,Nitra
Nitra,Nitra
Nitra,Nitra
Pecz,Pecz
Bojnice,Bojnice
Sasztyń,Sasztyń
,
,
Murań,Murań
Rymawska Sobota,Rymawska Sobota
Sendro,Sendro
Orawa,Orawa
Orawa,Orawa
Twardoszyn,Twardoszyn
Trenczyn,Trenczyn
Trenczyn,Trenczyn
Puchów,Puchów
Żylina,Żylina
Turec,Turec
Liptów,Liptów
Zamek Liptowski,Zamek Liptowski
Nemczyce,Nemczyce
Zwoleń,Zwoleń
Zwoleń,Zwoleń
Brzezno,Brzezno
Teków,Teków
Teków,Teków
Bańska Bystrzyca,Bańska Bystrzyca
,
,
Nowogród,Nowogród
Dżarmiec,Dżarmiec
Krupina,Krupina
Łuczeniec,Łuczeniec
Bańska Szczawnica,Bańska Szczawnica
Pożoń,Pożoń
Pożoń,Pożoń
Smolenice,Smolenice
Szamaryn,Szamaryn
Użbork,Użbork
Użbork,Użbork
Użbork,Użbork
Wielka Brzoza,Wielka Brzoza
Zemno,Zemno
Zemno,Zemno
Serencz,Serencz
Sienino,Sienino
Topola,Topola
Wronów,Wronów
Borysów,Borysów
Borysów,Borysów
Miśkowiec,Miśkowiec
Szarysz,Szarysz
Szarysz,Szarysz
Bardejów,Bardejów
Spisz,Spisz
Kieżmark,Kieżmark
Abów,Abów
Abów,Abów
Koszyce,Koszyce
Turnia,Turnia
,
Marmarosz,Marmarosz
Syhot,Syhot
Tiaczów,Tiaczów
Borsza,Borsza
Chust,Chust
Wołowe,Wołowe
Brzeg,Brzeg
Brzegowo,Brzegowo
Winogrodów,Winogrodów
Munkacz,Munkacz
Wierzecki,Wierzecki
Borżawa,Borżawa
,
Białogród,Białogród
Białogród,Białogród
,
,
,
,
,
Sekleria,Sekleria
Odorhej,Odorhej
,
,
,
Burcenia,Burcenia
Braszów,Braszów
,
,
,
Fogarasz,Fogarasz
Fogarasz,Fogarasz
,
,
,
,
,
,
,
Bystrzyca,Bystrzyca
Bystrzyca,Bystrzyca
,
,
,
,
Hunedwar,Hunedwar
Hunedwar,Hunedwar
,
,
,
,
Warad Wielki,Warad Wielki
,
Debreczyn,Debreczyn
,
,
,
Biały Krzysz,Biały Krzysz
Biały Krzysz,Biały Krzysz
Jabłkowo,Jabłkowo
Pokata,Pokata
Bekesz,Bekesz
Bekesz,Bekesz
Sarwasz,Sarwasz
Orosz,Orosz
Sabolcz,Sabolcz
Sabolcz,Sabolcz
,
,
,
Satmar,Satmar
Satmar,Satmar
,
,
,
,
,
Temesz,Temesz
Temesz,Temesz
Temeszwar,Temeszwar
,
,
,
,
,
Karasz,Karasz
Karasz,Karasz
,
,
Kovin,Kovin
Kovin,Kovin
,
,
Czanad,Czanad
Czanad,Czanad
Segedyn,Segedyn
,
Bacz,Bacz
Bacz,Bacz
Bacz,Bacz
,
,
,
,
Czarnogród,Czarnogród
Czarnogród,Czarnogród
,
,Awaryn
,Awaryn
,Awaryn
,
Szoproń,Szoproń
Szoproń,Szoproń
,
Kysak,Kysak
Żelazów,Żelazów
Żelaznogród,Żelaznogród
Kermendin,Kermendin
Monoster,Monoster
,Białymost
,Białymost
